{
  "GetDetails-0" : {
    "transaction" : "GetDetails-0",
    "sampleCount" : 300,
    "errorCount" : 0,
    "errorPct" : 0.0,
    "meanResTime" : 0.9266666666666667,
    "medianResTime" : 1.0,
    "minResTime" : 0.0,
    "maxResTime" : 36.0,
    "pct1ResTime" : 1.0,
    "pct2ResTime" : 2.0,
    "pct3ResTime" : 3.0,
    "throughput" : 3.059850679286851,
    "receivedKBytesPerSec" : 0.5438406480763739,
    "sentKBytesPerSec" : 0.9920609624250337
  },
  "GetById-1" : {
    "transaction" : "GetById-1",
    "sampleCount" : 300,
    "errorCount" : 0,
    "errorPct" : 0.0,
    "meanResTime" : 2.4399999999999986,
    "medianResTime" : 2.0,
    "minResTime" : 1.0,
    "maxResTime" : 30.0,
    "pct1ResTime" : 3.0,
    "pct2ResTime" : 4.0,
    "pct3ResTime" : 7.990000000000009,
    "throughput" : 3.1136158420774045,
    "receivedKBytesPerSec" : 0.4743399134414796,
    "sentKBytesPerSec" : 1.0003707148861973
  },
  "GetDetails" : {
    "transaction" : "GetDetails",
    "sampleCount" : 300,
    "errorCount" : 0,
    "errorPct" : 0.0,
    "meanResTime" : 12.296666666666665,
    "medianResTime" : 3.0,
    "minResTime" : 1.0,
    "maxResTime" : 1698.0,
    "pct1ResTime" : 19.800000000000068,
    "pct2ResTime" : 24.0,
    "pct3ResTime" : 46.930000000000064,
    "throughput" : 3.0596634370219276,
    "receivedKBytesPerSec" : 1.1503617414584395,
    "sentKBytesPerSec" : 1.9840005099439062
  },
  "GetById-0" : {
    "transaction" : "GetById-0",
    "sampleCount" : 300,
    "errorCount" : 0,
    "errorPct" : 0.0,
    "meanResTime" : 0.7533333333333332,
    "medianResTime" : 1.0,
    "minResTime" : 0.0,
    "maxResTime" : 6.0,
    "pct1ResTime" : 1.0,
    "pct2ResTime" : 1.0,
    "pct3ResTime" : 2.0,
    "throughput" : 3.1136481577581736,
    "receivedKBytesPerSec" : 0.5442802932018682,
    "sentKBytesPerSec" : 1.0003810975609757
  },
  "Total" : {
    "transaction" : "Total",
    "sampleCount" : 1800,
    "errorCount" : 0,
    "errorPct" : 0.0,
    "meanResTime" : 5.146666666666663,
    "medianResTime" : 2.0,
    "minResTime" : 0.0,
    "maxResTime" : 1698.0,
    "pct1ResTime" : 5.0,
    "pct2ResTime" : 15.0,
    "pct3ResTime" : 32.0,
    "throughput" : 18.3572317294552,
    "receivedKBytesPerSec" : 4.302476186591062,
    "sentKBytesPerSec" : 7.899824331490811
  },
  "GetDetails-1" : {
    "transaction" : "GetDetails-1",
    "sampleCount" : 300,
    "errorCount" : 0,
    "errorPct" : 0.0,
    "meanResTime" : 11.129999999999994,
    "medianResTime" : 2.0,
    "minResTime" : 1.0,
    "maxResTime" : 1656.0,
    "pct1ResTime" : 17.0,
    "pct2ResTime" : 21.0,
    "pct3ResTime" : 45.92000000000007,
    "throughput" : 3.0609746143171983,
    "receivedKBytesPerSec" : 0.6068143034242103,
    "sentKBytesPerSec" : 0.9924253632356542
  },
  "GetById" : {
    "transaction" : "GetById",
    "sampleCount" : 300,
    "errorCount" : 0,
    "errorPct" : 0.0,
    "meanResTime" : 3.333333333333335,
    "medianResTime" : 3.0,
    "minResTime" : 2.0,
    "maxResTime" : 37.0,
    "pct1ResTime" : 5.0,
    "pct2ResTime" : 5.0,
    "pct3ResTime" : 8.990000000000009,
    "throughput" : 3.1135835270674193,
    "receivedKBytesPerSec" : 1.018603985905845,
    "sentKBytesPerSec" : 2.000720664853869
  }
}